name,description_south,description_north,description_emergency,description_east,image,map_images,map_labels,destination_floor,map_match_confidence,map_unresolved_reason,important
West Wing,"When entering the hospital from the south entrance, walk straight past the Margaret Birch Wing, and most of the Tower. The West Wing will be on your left.","When entering the hospital from the north entrance, walk straight past the Medical Mall. Once at the Tower wing, the west wing can be found on your right.",,"From the east entrance, the west wing is on the other side of the hospital. Thus, you must walk through the Tower wing (or around the hospital if available) to get to the west wing.",/images/centenary-maps/floor-1-main-copy.png,/images/centenary-maps/floor-1-main-copy.png,Destination on Floor 1,1,high,,
Medical Mall,"When entering the hospital from the south entrance, you must walk past the Margaret Birch Wing and Tower wing to get to the Medical Mall, which will be at the other side of the hospital at the North Entrance.","When entering the hospital from the north entrance, you are already in the Medical Mall.",,,/images/centenary-maps/floor-1-main-copy.png,/images/centenary-maps/floor-1-main-copy.png,Destination on Floor 1,1,high,,
Tower,"When entering the hospital from the south entrance, walk straight past the Margaret Birch Wing and you will arrive at the Tower.","When entering the hospital from the north entrance, walk past the Medical Mall and you will be in the Tower wing.",,,/images/centenary-maps/floor-1-main-copy.png,/images/centenary-maps/floor-1-main-copy.png,Destination on Floor 1,1,high,,
Margaret Birch Wing,"When entering the hospital from the south entrance, you are already in the Margaret Birch Wing.","When entering the hospital from the north entrance, walk past the Medical Mall and the Tower and you will arrive in the Margaret Birch Wing.",,,/images/centenary-maps/floor-1-main-copy.png,/images/centenary-maps/floor-1-main-copy.png,Destination on Floor 1,1,high,,
Emergency,"When entering the hospital from the Emergency entrance which is located on Neilson Road, you will find the Emergency.","When entering the hospital from the north entrance, walk past the Medical Mall and the Tower. Once in the Margaret Birch Wing, the Emergency department will be towards the left.",,,/images/centenary-maps/emerg.png,/images/centenary-maps/emerg.png,Destination on Floor 2,2,high,,TRUE
Pathways,"Pathways is located on the other side of Neilson Road from the hospital beside Ellesmere Road. The address is 25 Neilson Rd, Scarborough, ON M1E 5E1.",,,,,,,,unresolved,no approved launch map supplied for this entry,
Seven oaks Long-Term Care Home,The Seven Oaks Long-Term Care Home is located on the other side of Neilson Road from the hospital.,,,,,,,,unresolved,no approved launch map supplied for this entry,
Thomas J. Shoniker Building,"The Thomas J. Shoniker Building is located on Neilson Road, opposite the East Parking of the hospital. To get there from the hospital, when entering the hospital from the South Entrance (level 1), walk straight and go to the right of Patient Registration, walk past the Tower Elevators and take the next right, walk down the hallway until you arrive at the Tunnel to the Thomas J Shoniker Building.","The Thomas J. Shoniker Building is located on Neilson Road, opposite the East Parking of the hospital. To get there from the hospital, when entering the hospital from the North Entrance (level 2), walk straight down the hall passed the registration kiosks and you will eventually find the tower elevators on the left just before the main hall ends. Go to the 1st floor. Then, go right as you exit from the elevator and turn right to go down the hall right beside the elevator. Walk down the hallway until you arrive at the Tunnel to the Thomas J Shoniker Building.",,,/images/centenary-maps/lvl-1-shoniker-building-main-copy.png,/images/centenary-maps/lvl-1-shoniker-building-main-copy.png,Destination on Floor 1,1,high,,
Cancer Care & Hematology Clinic,"When entering the hospital from the South Entrance (level 1), walk straight and go to the right of Patient Registration, walk down the long hall till you reach the main lobby with the stairs on the right. The Cancer Care and Hematology Clinic will be in this lobby.","When entering the hospital from the north entrance (2nd floor), walk straight down the hall passed the registration kiosks and you will eventually find the tower elevators on the left just before the main hall ends. Go to the 1st floor. Turn right to exit the elevator and walk down the long hall till you reach the main lobby with the stairs on the right. The Cancer Care and Hematology Clinic will be in this lobby.",,,/images/centenary-maps/cancer-care-and-hematology-clinic.png,/images/centenary-maps/cancer-care-and-hematology-clinic.png,Destination on Floor 1,1,high,,
Cancer Care & Hematology Clinic: Thyroid Rapid Diagnostic Clinic,"When entering the hospital from the South Entrance (level 1), walk straight and go to the right of Patient Registration, walk down the long hall and pass Human Resources and then turn right, keep walking until you arrive at the Cancer Care & Hematology Clinic: Thyroid Rapid Diagnostic Clinic.","When entering the hospital from the north entrance (2nd floor), walk straight down the hall passed the registration kiosks and you will eventually find the tower elevators on the left just before the main hall ends. Go to the 1st floor. Turn right to exit the elevator and walk down the long hall and pass Human Resources and then turn right, keep walking until you arrive at the Thyroid Rapid Diagnostic Clinic.",,,/images/centenary-maps/thyroid-rapid-diagnostic-clinic.png,/images/centenary-maps/thyroid-rapid-diagnostic-clinic.png,Destination on Floor 1,1,high,,
Human Resources,"When entering the hospital from the South Entrance (level 1), walk straight and go to the right of Patient Registration, walk all the way until you arrive at Human Resources on your left.","When entering the hospital from the north entrance (2nd floor), walk straight down the hall passed the registration kiosks and you will eventually find the tower elevators on the left just before the main hall ends. Go to the 1st floor. Turn right to exit the elevator and walk down the long hall till you find human resources on your left.",,,/images/centenary-maps/human-resources.png,/images/centenary-maps/human-resources.png,Destination on Floor 1,1,high,,
Tunnel to Thomas J. Shoniker Building,"When entering the hospital from the South Entrance (level 1), walk straight and go to the right of Patient Registration, walk past the Tower Elevators and take the next right, walk down the hallway until you arrive at the Tunnel to the Thomas J Shoniker Building.","The Thomas J. Shoniker Building is located on Neilson Road, opposite the East Parking of the hospital. To get there from the hospital, when entering the hospital from the North Entrance (level 2), walk straight down the hall passed the registration kiosks and you will eventually find the tower elevators on the left just before the main hall ends. Go to the 1st floor. Then, go right as you exit from the elevator and turn right to go down the hall right beside the elevator. Walk down the hallway until you arrive at the Tunnel to the Thomas J Shoniker Building.",,,/images/centenary-maps/lvl-1-shoniker-building-main-copy.png,/images/centenary-maps/lvl-1-shoniker-building-main-copy.png,Destination on Floor 1,1,high,,
Workplace Health & Safety,"When entering the hospital from the South Entrance (level 1), walk straight and go to the right of Patient Registration, walk past the South Elevators and walk until you see the stairs on the left, then turn right and then take the next left, walk until you arrive at Workplace Health and Safety on your right.","When entering the hospital from the north entrance (2nd floor), walk straight down the hall passed the registration kiosks and you will eventually find the tower elevators on the left just before the main hall ends. Go to the 1st floor. Exit the elevator by turning right and turn right at the hall beside the elevator. Turn right at the first hall on the right. Workplace Health & Safety will be on the left.",,,/images/centenary-maps/workplace-health-and-safety.png,/images/centenary-maps/workplace-health-and-safety.png,Destination on Floor 1,1,high,,
Dr. P. McGoey Diabetes Education Theatre,"When entering the hospital from the South Entrance (level 1), walk straight and go to the right of Patient Registration, walk past the South Elevators and immediately take the next right, walk to the end of the hall and turn left, keep walking until you arrive at the Dr. P. McGoey Diabetes Education Theatre on the right.","When entering the hospital from the north entrance (2nd floor), walk straight down the hall passed the registration kiosks and you will eventually find the tower elevators on the left just before the main hall ends. Go to the 1st floor. Exit the elevator by walking left. Take the first hall on the left and continue to until the end of the hall. Turn left and you will find the Dr. P. McGoey Diabetes Education Theatre on the right.",,,/images/centenary-maps/diabetes-education-theatre.png,/images/centenary-maps/diabetes-education-theatre.png,Destination on Floor 1,1,high,,
Health Records,"When entering the hospital from the South Entrance (level 1), walk straight and go to the right of Patient Registration, walk past the South Elevators and immediately take the next right, walk to the end of the hall and turn left, keep walking until you arrive at the Diabetes Program on the right, then turn left at the hall just past it. You will find Health Records on the left side of this hall as you walk.","When entering the hospital from the north entrance (2nd floor), walk straight down the hall passed the registration kiosks and you will eventually find the tower elevators on the left just before the main hall ends. Go to the 1st floor. Exit the elevator by walking left. Take the first hall on the left and continue to walk until you find Health Records on the right.",,,/images/centenary-maps/health-records.png,/images/centenary-maps/health-records.png,Destination on Floor 1,1,high,,
Patient Billing & Payroll,"When entering the hospital from the South Entrance (level 1), walk straight and go to the right of Patient Registration, walk past the South Elevators and immediately take the next right, walk to the end of the hall and turn left, keep walking until you arrive at Patient Billing and Payroll on the left.","When entering the hospital from the north entrance (2nd floor), walk straight down the hall passed the registration kiosks and you will eventually find the tower elevators on the left just before the main hall ends. Go to the 1st floor. Exit the elevator by walking left. Take the first hall on the left and continue to walk to the end of the hall. Turn right at the end of the hall and you will find Patient Billing & Payroll on the right.",,,/images/centenary-maps/patient-billing-and-payroll.png,/images/centenary-maps/patient-billing-and-payroll.png,Destination on Floor 1,1,high,,
Diabetes Program,"When entering the hospital from the South Entrance (level 1), walk straight and go to the right of Patient Registration, walk past the South Elevators and immediately take the next right, walk to the end of the hall and turn left, keep walking until you arrive at the Diabetes Program on the right.","When entering the hospital from the north entrance (2nd floor), walk straight down the hall passed the registration kiosks and you will eventually find the tower elevators on the left just before the main hall ends. Go to the 1st floor. Exit the elevator by walking left. Take the first hall on the left and continue to walk to the end of the hall. Turn right at the end of the hall and you will find the Diabetes Program on the left.",,,/images/centenary-maps/diabetes-program.png,/images/centenary-maps/diabetes-program.png,Destination on Floor 1,1,high,,
Radiation Assessment Clinic,"When entering the hospital from the South Entrance (level 1), walk straight and go to the right of Patient Registration, continue walking straight until you arrive at the Radiation assessment clinic on your left. It is located in the same location as the palliative clinic.","When entering the hospital from the north entrance (2nd floor), walk straight down the hall passed the registration kiosks and you will eventually find the tower elevators on the left just before the main hall ends. Go to the 1st floor. Exit the elevator by turning left. Keep walking down the hall until you find the Radiation assessment clinic on your right. It is located in the same location as the palliative clinic.",,,/images/centenary-maps/palliative-hub.png,/images/centenary-maps/palliative-hub.png,Destination on Floor 1,1,high,,
Bryan and Bette Rowntree Palliative Care Clinical Centre,"When entering the hospital from the South Entrance (level 1), walk straight and go to the right of Patient Registration, continue walking straight until you arrive at the Bryan and Bette Rowntree Palliative Care Clinical Centre on your left.","When entering the hospital from the north entrance (2nd floor), walk straight down the hall passed the registration kiosks and you will eventually find the tower elevators on the left just before the main hall ends. Go to the 1st floor. Exit the elevator by turning left. Keep walking down the hall until you find the Bryan and Bette Rowntree Palliative Care Clinical Centre.",,,/images/centenary-maps/palliative-hub.png,/images/centenary-maps/palliative-hub.png,Destination on Floor 1,1,high,,
MRI,"When entering the hospital from the South Entrance (level 1), walk straight and go to the left of Patient Registration, until you arrive at the MRI on the left.","When entering the hospital from the north entrance (2nd floor), walk straight down the hall passed the registration kiosks and you will eventually find the tower elevators on the left just before the main hall ends. Go to the 1st floor. Exit the elevator by turning left. Keep walking down the hall until you find the patient registration at the front entrance. Go around this by walking right. MRI will be towards your left.",,,/images/centenary-maps/mri.png,/images/centenary-maps/mri.png,Destination on Floor 1,1,high,,
Patient Registration,"When entering the hospital from the South Entrance (level 1), walk straight until you arrive at Patient Registration.","When entering the hospital from the North Entrance (level 2), walk straight until you arrive at Patient Registration.",,,/images/centenary-maps/patient-registration.png,/images/centenary-maps/patient-registration.png,Destination on Floor 2,2,high,,
Rehabilitation,"When entering the hospital from the South Entrance (level 1), go to the first intersecting hall on the right and turn right. Walk down the hall. You will arrive at Rehabilitation on the left.","When entering the hospital from the north entrance (2nd floor), walk straight down the hall passed the registration kiosks and you will eventually find the tower elevators on the left just before the main hall ends. Go to the 1st floor. Exit the elevator by turning left. Keep walking down the hall until you find the patient registration at the front entrance. Turn to the hall on the left and you will find Rehabilitation on the left as you walk.",,,,,,1,unresolved,no approved launch map supplied for this entry,
Seniors Care Clinic,"When entering the hospital from the South Entrance (level 1), go to the first intersecting hall on the right and turn right. Walk down the hall. You will arrive at the Seniors Care Clinic on the right.","When entering the hospital from the north entrance (2nd floor), walk straight down the hall passed the registration kiosks and you will eventually find the tower elevators on the left just before the main hall ends. Go to the 1st floor. Exit the elevator by turning left. Keep walking down the hall until you find the patient registration at the front entrance. Turn to the hall on the left and you will find Seniors Care Clinic on the right as you walk",,,,,,1,unresolved,no approved launch map supplied for this entry,
Registration Kiosks,"When entering the hospital from the South Entrance (level 1), walk past the Parking Pay Machine and the Registration Kiosks will be on your right.","When entering the hospital from the north entrance (level 2), walk straight down the main hall until you arrive at the Registration Kiosks.",,,,,,1,unresolved,no approved launch map supplied for this entry,
Parking Pay Machine,"When entering the hospital from the South Entrance (level 1), the Parking Pay Machine will be immediately on your right.","Enter the hospital from the North Entrance (2nd floor). At the entrance, between the two sets of doors, you will see parking pay machines on the right side. For further assistance, the Parking Office will be on your left as you walk straight through the North Entrance. (There is also parking machines on the MBW)",,,/images/centenary-maps/parking-office.png,/images/centenary-maps/parking-office.png,Destination on Floor 2,2,high,,TRUE
Security,"When entering the hospital from the South Entrance (level 1), walk straight past the double doors until you nearly enter the medical mall and security will be on your left.","When entering the hospital from the north entrance (2nd floor), walk straight down the hall passed the registration kiosks and you will eventually find the tower elevators on the left just before the main hall ends. Go to the 1st floor. Exit the elevator by turning left. Walk down the hall all the way to the south entrance. Just before exiting, you will see the security office on the right.",,,/images/centenary-maps/security.png,/images/centenary-maps/security.png,Destination on Floor 1,1,high,,
Breast Clinic Laboratory,"When entering the hospital from the South Entrance (level 1), take the first hall on the left. Walk down the hall until you arrive at the Breast Clinic Laboratory.","When entering the hospital from the north entrance (2nd floor), walk straight down the hall passed the registration kiosks and you will eventually find the tower elevators on the left just before the main hall ends. Go to the 1st floor. Exit the elevator by turning left. Walk down the hall all the way to the south entrance. Just before exiting, turn right and walk a bit till you find the Breast Clinic Laboratory on the left of a short hall.",,,/images/centenary-maps/breast-clinic.png,/images/centenary-maps/breast-clinic.png,Destination on Floor 1,1,high,,
Volunteer Services,"When entering the hospital from the South Entrance, walk straight and go to the right of Patient Registration, walk past the South Elevators and immediately take the next right, walk down the hall until you arrive at Volunteer Services on the right.","When entering the hospital from the north entrance (2nd floor), walk straight down the hall passed the registration kiosks and you will eventually find the tower elevators on the left just before the main hall ends. Go to the 1st floor. Exit the elevator by turning left. Walk past the first hall on the left that you see. Keep walking till the second hall on the left. Turn left here and keep walking till you find Volunteer Services on the right.",,,/images/centenary-maps/volunteer-services.png,/images/centenary-maps/volunteer-services.png,Destination on Floor 1,1,high,,
Shipping & Receiving,"Note that this may not be accessible for non-staff. When entering the hospital from the South Entrance (level 1), walk straight and go right around the curve. Walk straight and go past the Tower Elevators, then immediately take the next left. Continue walking straight, and take the next left, then turn right and you will have arrived at Shipping and Receiving on the left.","Note that this may not be accessible for non-staff. When entering the hospital from the north entrance (2nd floor), walk straight down the hall passed the registration kiosks and you will eventually find the tower elevators on the left just before the main hall ends. Go to the 1st floor. Exit the tower elevator walking down the hall straight in front of it (at a slight right) towards the West Staff Entrance. Walk down this hall and take the first left. Follow the bend of the hall, and you will find Shipping & Receiving on your left.",,,,,,1,unresolved,no approved launch map supplied for this entry,
Morgue,"Note that this may not be accessible for non-staff. When entering the hospital from the South Entrance (level 1), walk straight and go right around the curve. Walk straight and go past the Tower Elevators, then immediately take the next left. Continue walking straight, and take the next left, then turn right and you will have arrived at the Morgue on the right.","Note that this may not be accessible for non-staff. When entering the hospital from the north entrance (2nd floor), walk straight down the hall passed the registration kiosks and you will eventually find the tower elevators on the left just before the main hall ends. Go to the 1st floor. Exit the tower elevator walking down the hall straight in front of it (at a slight right) towards the West Staff Entrance. Walk down this hall and take the first left. Follow the bend of the hall, and you will find the Morgue on your left.",,,,,,1,unresolved,no approved launch map supplied for this entry,
"Outpatient Mental Health (ADHD Program, First Intervention Treatment, Team (FITT) Program, Link Program)","When entering the hospital from the South Entrance (level 1), walk straight and go right around the curve, walk straight until you pass the Tower Elevators, take the immediate next right and go through the Tunnel to the Thomas J. Shoniker Building. Walk straight and follow the slight right of the hall and you will have arrived at Outpatient Mental Health (ADHD Program, First Intervention Treatment, Team (FITT) Program, Link Program) on your left.","To get to the Outpatient Mental Health Child & Adolescent Clinic, you must go to the Thomas J. Shoniker Building, which is located on Neilson Road, opposite the East Parking of the hospital. To get there from the hospital, when entering the hospital from the North Entrance (level 2), walk straight down the hall passed the registration kiosks and you will eventually find the tower elevators on the left just before the main hall ends. Go to the 1st floor. Then, go right as you exit from the elevator and turn right to go down the hall right beside the elevator. Walk down the hallway until you arrive at the Tunnel to the Thomas J Shoniker Building. Walk straight and follow the slight right of the hall and you will have arrived at Outpatient Mental Health (ADHD Program, First Intervention Treatment, Team (FITT) Program, Link Program) on your left.",,,/images/centenary-maps/adhd-fitt-link-program.png,/images/centenary-maps/adhd-fitt-link-program.png,Destination on Floor 1,1,high,,
Outpatient Mental Health (Child & Adolescent Clinic),"When entering the hospital from the South Entrance (level 1), walk straight and go right around the curve, walk straight until you pass the Tower Elevators, take the immediate next right and go through the Tunnel to the Thomas J. Shoniker Building. Walk straight until you arrive at Outpatient Mental Health (Child and Adolescent Clinic) on your right.","To get to the Outpatient Mental Health Child & Adolescent Clinic, you must go to the Thomas J. Shoniker Building, which is located on Neilson Road, opposite the East Parking of the hospital. To get there from the hospital, when entering the hospital from the North Entrance (level 2), walk straight down the hall passed the registration kiosks and you will eventually find the tower elevators on the left just before the main hall ends. Go to the 1st floor. Then, go right as you exit from the elevator and turn right to go down the hall right beside the elevator. Walk down the hallway until you arrive at the Tunnel to the Thomas J Shoniker Building. Walk straight and you will find the Outpatient Mental Health Child & Adolescent Clinic on the right.",,,/images/centenary-maps/outpatient-mental-health-child-and-adolescent-clinic.png,/images/centenary-maps/outpatient-mental-health-child-and-adolescent-clinic.png,Destination on Floor 1,1,high,,
"Food Court (Tim Hortons, Real Fruit Bubble tea, Subway, Taste of Mediterranean, Flavour Fusion,...)","When entering the hospital from the south entrance (level 1), walk down the hall straight ahead. You eventually will see the tower elevators on the right. Go to the 2nd floor. Exit the elevator by turning right. Continue to walk down the main hall. Before exiting from the North Entrance, turn left at the big hall accross from the information desk, and you will arrive at the food court.","Enter the hospital from the North Entrance (2nd floor) and walk straight ahead until you reach a large spacious lobby area. Turn right at the first intersection and keep walking till you see restaurants such as Subway, Tim Hortons, etc.",,,/images/centenary-maps/food-court.png,/images/centenary-maps/food-court.png,Destination on Floor 2,2,high,,TRUE
Gift Shop,"When entering the hospital from the south entrance (level 1), walk down the hall straight ahead. You eventually will see the tower elevators on the right. Go to the 2nd floor. Exit the elevator by turning right. Continue to walk down the main hall. Before exiting from the North Entrance, turn left at the big hall across from the information desk. Continue to walk towards the food court, and you will arrive at the gift shop which will be on your left.",Enter the hospital from the North Entrance (2nd floor) and walk straight ahead until you reach a large spacious lobby area. Turn right at the first intersection and walk past the retail store. The gift shop will be on the left.,,,/images/centenary-maps/gift-shop.png,/images/centenary-maps/gift-shop.png,Destination on Floor 2,2,high,,TRUE
Retail Pharmacy,"When entering the hospital from the south entrance (level 1), walk down the hall straight ahead. You eventually will see the tower elevators on the right. Go to the 2nd floor. Exit the elevator by turning right. Continue to walk down the main hall. Before exiting from the North Entrance, turn left at the big hall across from the information desk. The Retail Pharmacy will be on the right.",Enter the hospital from the North Entrance (2nd floor) and walk straight ahead until you reach a large spacious lobby area. Turn right at the first intersection and walk a short distance. The pharmacy will be on the right.,,,/images/centenary-maps/shoppers-drug-mart.png,/images/centenary-maps/shoppers-drug-mart.png,Destination on Floor 2,2,high,,TRUE
Information Desk,"When entering the hospital from the south entrance (level 1), walk down the hall straight ahead. You eventually will see the tower elevators on the right. Go to the 2nd floor. Exit the elevator by turning right. Continue to walk down the main hall. Before exiting from the North Entrance, the information desk will be on your right.",Enter the hospital from the North Entrance (2nd floor) and walk straight ahead until you reach a large spacious lobby area. The information desk will be located on the left side of the lobby.,,,/images/centenary-maps/info-desk.png,/images/centenary-maps/info-desk.png,Destination on Floor 2,2,high,,TRUE
Physiotherapy Sports Medicine,"When entering the hospital from the south entrance (level 1), walk down the hall straight ahead. You eventually will see the tower elevators on the right. Go to the 2nd floor. Exit the elevator by turning right. Continue to walk down the main hall. Before exiting from the North Entrance, there will be a big lobby on the right. Enter this lobby and you will find Physiotherapy Sports Medicine in the corner.",Enter the hospital from the North Entrance (2nd floor) and walk straight ahead until you reach a large spacious lobby area. Turn left at the first intersection and walk further down. The Physiotherapy Sports Medicine will be located on the left.,,,/images/centenary-maps/lifemark.png,/images/centenary-maps/lifemark.png,Destination on Floor 2,2,high,,
Maternal Fetal Medicine Clinic,"When entering the hospital from the south entrance (level 1), walk down the hall straight ahead. You eventually will see the tower elevators on the right. Go to the 2nd floor. Exit the elevator by turning right. Continue to walk down the main hall. Turn left at the second intersection/hall, go through a set of double doors, and walk further down. The Maternal Fetal Medicine Clinic will be on the left side.","Enter the hospital from the North Entrance (2nd floor) and walk straight ahead until you reach a large spacious lobby area. Turn right at the second intersection, go through a set of double doors, and walk further down. The Maternal Fetal Medicine Clinic will be on the left side.",,,/images/centenary-maps/maternal-fetal-medicine.png,/images/centenary-maps/maternal-fetal-medicine.png,Destination on Floor 2,2,high,,
Obstetric Medicine Clinic,"When entering the hospital from the south entrance (level 1), walk down the hall straight ahead. You eventually will see the tower elevators on the right. Go to the 2nd floor. Exit the elevator by turning right. Continue to walk down the main hall. Turn left at the second intersection/hall, go through a set of double doors, and walk further down. The Obstetric Medicine Clinic will be on the left.","Enter the hospital from the North Entrance (2nd floor) and walk straight ahead until you reach a large spacious lobby area. Turn right at the second intersection, go through a set of double doors, and walk further past the Maternal Fetal Medicine Clinic. The Obstetric Medicine Clinic will be on the left side.",,,/images/centenary-maps/obstetric-medicine-clinic.png,/images/centenary-maps/obstetric-medicine-clinic.png,Destination on Floor 2,2,high,,
Gynecology,"When entering the hospital from the south entrance (level 1), walk down the hall straight ahead. You eventually will see the tower elevators on the right. Go to the 2nd floor. Exit the elevator by turning right. Continue to walk down the main hall. Turn left at the first intersection/hall on the left side, walk past Same Day Surgery and walk all the way till you reach Gynecology.",Enter the hospital from the North Entrance (2nd floor) and walk straight ahead until you reach a large spacious lobby area. Walk past the Patient Registration Kiosks and turn right at the immediate next intersecting hall. Walk past Same Day Surgery and walk all the way till you reach Gynecology.,,,/images/centenary-maps/gynacology.png,/images/centenary-maps/gynacology.png,Destination on Floor 2,2,high,,
Patient Registration,"When entering the hospital from the south entrance (level 1), walk down the hall straight ahead. You eventually will see the tower elevators on the right. Go to the 2nd floor. Exit the elevator by turning right. Continue to walk down the main hall. Patient Registration and Registration Kiosks will be on your left.",Enter the hospital from the North Entrance (2nd floor) and walk straight ahead until you reach a large spacious lobby area. Walk straight past the information desk and there will be Patient Registration desks and kiosks on the right side.,,,/images/centenary-maps/patient-registration.png,/images/centenary-maps/patient-registration.png,Destination on Floor 2,2,high,,TRUE
Same Day Surgery,"When entering the hospital from the south entrance (level 1), walk down the hall straight ahead. You eventually will see the tower elevators on the right. Go to the 2nd floor. Exit the elevator by turning right. Continue to walk down the main hall. Turn left at the first intersection/hall on the left side, and continue to walk straight until you find Same Day Surgery.",Enter the hospital from the North Entrance (2nd floor) and walk straight ahead until you reach a large spacious lobby area. Walk past the Patient Registration Kiosks and turn right at the immediate next intersecting hall. Same Day Surgery will be at the end of the hall.,,,/images/centenary-maps/same-day-surgery.png,/images/centenary-maps/same-day-surgery.png,Destination on Floor 2,2,high,,
Surgical Specialty Clinics,"When entering the hospital from the south entrance (level 1), walk down the hall straight ahead. You eventually will see the tower elevators on the right. Go to the 2nd floor. Exit the elevator by turning and walking left. Walk straight to the end of the hall, through the double doors. Turn right and walk to the end of the hall and Surgical Speciality Clinics will be at the end of the hall.","Enter the hospital from the North Entrance (2nd floor) and walk straight ahead until you reach a large spacious lobby area. Walk straight to the end of the hall, through the double doors. Turn right and walk to the end of the hall and Surgical Speciality Clinics will be at the end of the hall.",,,/images/centenary-maps/surgical-speciality-clinics.png,/images/centenary-maps/surgical-speciality-clinics.png,Destination on Floor 2,2,high,,
Hemodialysis Zone B,"When entering the hospital from the south entrance, walk down the hall straight ahead. You eventually will see the tower elevators on the right. Go to the 4th floor, and Hemodialysis Zone B will be straight ahead of you on a slight left.","When entering the hospital from the north entrance (2nd floor), walk straight down the hall passed the registration kiosks and you will eventually find the tower elevators on the left just before the main hall ends. Go to the 4th floor, and Hemodialysis Zone B will be straight ahead of you on a slight left.",,,/images/centenary-maps/hemodialysis-zone-b.png,/images/centenary-maps/floor-1-main-copy.png|/images/centenary-maps/hemodialysis-zone-b.png,Step 1: Find the Tower Elevators|Step 2: Destination on Floor 4,4,high,,
Life Labs,"When entering the hospital from the south entrance (level 1), walk down the hall straight ahead. You eventually will see the tower elevators on the right. Go to the 2nd floor. Exit the elevator by turning right. Continue to walk down the main hall. Before exiting from the North Entrance, there will be a big lobby on the right. Enter this lobby and you will find Life Labs in the corner.","Enter the hospital from the North Entrance (2nd floor) and walk straight ahead until you reach a large spacious lobby area. Walk straight past the information desk and then turn on the first left. In the large spacious lobby past the stairs on the left, you will find the Life Labs.",,,/images/centenary-maps/life-labs.png,/images/centenary-maps/life-labs.png,Destination on Floor 2,2,high,,
Pulmonary Function Test (PFT) Lab,"When entering the hospital from the south entrance (level 1), walk down the hall straight ahead. You eventually will see the tower elevators on the right. Go to the 2nd floor. Exit the elevator by turning right. Immediately take the hall that is on the right. Walk past the washrooms until you find Pulmonary Function Test (PFT) Lab on the left.","Enter the hospital from the North Entrance (2nd floor) and walk straight ahead until you reach a large spacious lobby area. Walk past the registration desks and kiosks, and turn on the first left. Walk down the hall and the PFT Lab will be on the left.",,,/images/centenary-maps/pft-lab.png,/images/centenary-maps/pft-lab.png,Destination on Floor 2,2,high,,
Endoscopy Clinic,"When entering the hospital from the south entrance (level 1), walk down the hall straight ahead. You eventually will see the tower elevators on the right. Go to the 2nd floor. Exit the elevator by turning right. Immediately take the hall that is on the right. Walk past the washrooms until you find the Endoscopy Clinic on the left.","Enter the hospital from the North Entrance (2nd floor) and walk straight ahead until you reach a large spacious lobby area. Walk past the registration desks and kiosks, and turn on the first left. Walk down the hall, past the PFT Lab, and the Endoscopy Clinic will be on the left.",,,/images/centenary-maps/endoscopy.png,/images/centenary-maps/endoscopy.png,Destination on Floor 2,2,high,,
Worship & Meditation Room,"When entering the hospital from the south entrance (level 1), walk down the hall straight ahead. You eventually will see the tower elevators on the right. Go to the 2nd floor. Exit the elevator by turning left. Immediately turn left after the double doors. continue to walk until you find the Worship & Meditation Room on your left.","Enter the hospital from the North Entrance (2nd floor) and walk straight ahead until you reach a large spacious lobby area. Walk straight to the end of the hall, through the double doors. Turn left and keep walking till you see the Worship and Meditation Room on the left.",,,/images/centenary-maps/worship-plus-meditation.png,/images/centenary-maps/worship-plus-meditation.png,Destination on Floor 2,2,high,,TRUE
Diagnostic Imaging,"When entering the hospital from the south entrance (level 1), walk down the hall straight ahead. You eventually will see the tower elevators on the right. Go to the 2nd floor. Exit the elevator by turning left. Immediately turn left after the double doors. Turn right at the first hall on your right. Continue to walk until you find Diagnostic Imagining on your left.","Enter the hospital from the North Entrance (2nd floor) and walk straight ahead until you reach a large spacious lobby area. Walk straight to the end of the hall, through the double doors. Turn left and keep walking till you see a pathway to turn right. Turn right and go down the hall. Close to the end of the hall, Diagnostic Imaging will be on the left.",,,/images/centenary-maps/diagnostic-imaging.png,/images/centenary-maps/diagnostic-imaging.png,Destination on Floor 2,2,high,,TRUE
Arrhythmia Clinic Cardiac Diagnostics,"When entering the hospital from the south entrance (level 1), walk down the hall straight ahead. You eventually will see the tower elevators on the right. Go to the 2nd floor. Exit the elevator by turning left. Immediately turn left after the double doors. Turn right at the second hall on your right. Continue to walk until you find Arrhythmia Clinic Cardiac Diagnostics on your left.","Enter the hospital from the North Entrance (2nd floor) and walk straight ahead until you reach a large spacious lobby area. Walk straight to the end of the hall, through the double doors. Turn left and walk past the Worship and Meditation room. Keep walking till you see a pathway to turn right. Turn right and go down the hall. Close to the end of the hall, Arrhythmia Clinic Cardiac Diagnostics will be on the left.",,,/images/centenary-maps/arrythmia-clinic.png,/images/centenary-maps/arrythmia-clinic.png,Destination on Floor 2,2,high,,
Intensive Care Unit (ICU),"When entering the hospital from the south entrance (level 1), walk down the hall straight ahead. You eventually will see the tower elevators on the right. Go to the 2nd floor. Exit the elevator by turning left. Immediately turn right after the double doors. Walk to the end of the hall and Same Day Surgery will be at the end of the hall. From here, turn left (follow the hall) and walk to the end of the hall. At this intersection, turn right and walk towards the end of the hall. The ICU will be on the left.","Enter the hospital from the North Entrance (2nd floor) and walk straight ahead until you reach a large spacious lobby area. Walk straight to the end of the hall, through the double doors. Turn right and walk to the end of the hall and Same Day Surgery will be at the end of the hall. From here, turn left (follow the hall) and walk to the end of the hall. At this intersection, turn right and walk towards the end of the hall. The ICU will be on the left.",,,/images/centenary-maps/icu.png,/images/centenary-maps/icu.png,Destination on Floor 2,2,high,,TRUE
Cath Lab Code STEMI,"When entering the hospital from the south entrance (level 1), walk down the hall straight ahead. You eventually will see the tower elevators on the right. Go to the 2nd floor. Exit the elevator by turning left. Immediately turn right after the double doors. Walk to the end of the hall. Then turn left (follow the hall) and walk to the end of the hall. Next, turn left and walk a little further. The Cath Lab Code STEMI will be on the right.","Enter the hospital from the North Entrance (2nd floor) and walk straight ahead until you reach a large spacious lobby area. Walk straight to the end of the hall, through the double doors. From here, turn right and walk to the end of the hall. Then turn left (follow the hall) and walk to the end of the hall. Next, turn left and walk a little further. The Cath Lab Code STEMI will be on the right.",,,/images/centenary-maps/cath-lab.png,/images/centenary-maps/cath-lab.png,Destination on Floor 2,2,high,,
Fracture Clinic,"When entering the hospital from the south entrance (level 1), walk down the hall straight ahead. You eventually will see the tower elevators on the right. Go to the 2nd floor. Exit the elevator by turning left. Immediately turn right after the double doors. From here, turn left and take the first hall on the right. Walk to the end of the hall and the Fracture Clinic will be straight ahead, on a slight right.","Enter the hospital from the North Entrance (2nd floor) and walk straight ahead until you reach a large spacious lobby area. Walk straight to the end of the hall, through the double doors. From here, turn left and take the first hall on the right. Walk to the end of the hall and the Fracture Clinic will be straight ahead, on a slight right.",,,/images/centenary-maps/fracture-clinic.png,/images/centenary-maps/fracture-clinic.png,Destination on Floor 2,2,high,,
Kids Care Clinic,"When entering the hospital from the south entrance, walk down the hall straight ahead. You eventually will see the tower elevators on the right. Go to the 7th floor on the tower elevators. Once at the 7th floor, go from the elevator’s opening, then turn right and walk down the hall. As you walk, on your left, you will see the Kids Care Clinic.","When entering the hospital from the north entrance (2nd floor), walk straight down the hall passed the registration kiosks and you will eventually find the tower elevators on the left just before the main hall ends. Go to the 7th floor. Once at the 7th floor, go from the elevator’s opening, then turn right and walk down the hall. As you walk, on your left, you will see the Kids Care Clinic.",,,/images/centenary-maps/kids-care-clinic.png,/images/centenary-maps/floor-1-main-copy.png|/images/centenary-maps/kids-care-clinic.png,Step 1: Find the Tower Elevators|Step 2: Destination on Floor 7,7,high,,
Newborn Assessment Clinic,"When entering the hospital from the south entrance, walk down the hall straight ahead. You eventually will see the tower elevators on the right. Go to the 7th floor on the tower elevators. Once at the 7th floor, go from the elevator’s opening, then turn right and walk down the hall. As you walk, on your left, you will see the Newborn Assessment Clinic.","When entering the hospital from the north entrance (2nd floor), walk straight down the hall passed the registration kiosks and you will eventually find the tower elevators on the left just before the main hall ends. Go to the 7th floor. Once at the 7th floor, go from the elevator’s opening, then turn right and walk down the hall. As you walk, on your left, you will see the Newborn Assessment Clinic.",,,/images/centenary-maps/newborn-assessment-clinic.png,/images/centenary-maps/floor-1-main-copy.png|/images/centenary-maps/newborn-assessment-clinic.png,Step 1: Find the Tower Elevators|Step 2: Destination on Floor 7,7,high,,
Acute Care,"When entering the hospital from the south entrance, walk down the hall straight ahead. You eventually will see the tower elevators on the right. Go to the 7th floor on the tower elevators. Once at the 7th floor, go from the elevator’s opening, then turn to the hall on the left. Acute Care should be on the right side of that hall.","When entering the hospital from the north entrance (2nd floor), walk straight down the hall passed the registration kiosks and you will eventually find the tower elevators on the left just before the main hall ends. Go to the 7th floor. Once at the 7th floor, go from the elevator’s opening, then turn to the hall on the left. Acute Care should be on the right side of that hall.",,,/images/centenary-maps/acute-care.png,/images/centenary-maps/floor-1-main-copy.png|/images/centenary-maps/acute-care.png,Step 1: Find the Tower Elevators|Step 2: Destination on Floor 7,7,high,,
Kids Care Unit (7W),"When entering the hospital from the south entrance, walk down the hall straight ahead. You eventually will see the tower elevators on the right. Go to the 7th floor. Once at the 7th floor, the kids care unit will be straight in front of the elevator opening.","When entering the hospital from the north entrance (2nd floor), walk straight down the hall passed the registration kiosks and you will eventually find the tower elevators on the left just before the main hall ends. Go to the 7th floor. Once at the 7th floor, the kids care unit will be straight in front of the elevator opening.",,,/images/centenary-maps/level-7-main-copy.png,/images/centenary-maps/floor-1-main-copy.png|/images/centenary-maps/level-7-main-copy.png,Step 1: Find the Tower Elevators|Step 2: Destination on Floor 7,7,high,,
Pediatric Oncology Group of Ontario (POGO),"When entering the hospital from the south entrance, walk down the hall straight ahead. You eventually will see the tower elevators on the right. Go to the 7th floor. Once at the 7th floor, turn right at the elevator’s opening, then turn right again and walk down that hall. As you walk, the Pediatric Oncology Group of Ontario (POGO) should be on your left along that hall.","When entering the hospital from the north entrance (2nd floor), walk straight down the hall passed the registration kiosks and you will eventually find the tower elevators on the left just before the main hall ends. Go to the 7th floor. Once at the 7th floor, turn right at the elevator’s opening, then turn right again and walk down that hall. As you walk, the Pediatric Oncology Group of Ontario (POGO) should be on your left along that hall.",,,/images/centenary-maps/pogo-clinic.png,/images/centenary-maps/floor-1-main-copy.png|/images/centenary-maps/pogo-clinic.png,Step 1: Find the Tower Elevators|Step 2: Destination on Floor 7,7,high,,
Healthy Outcome Pediatric Program of Scarborough (HOPPS) Clinic,"When entering the hospital from the south entrance, walk down the hall straight ahead. You eventually will see the tower elevators on the right. Go to the 7th floor. Once at the 7th floor, go from the elevator's opening, then turn right again and walk down that hall. As you walk, the Healthy Outcome Pediatric Program of Scarborough (HOPPS) Clinic should be on your left at the very end of the hall.","When entering the hospital from the north entrance (2nd floor), walk straight down the hall passed the registration kiosks and you will eventually find the tower elevators on the left just before the main hall ends. Go to the 7th floor. Once at the 7th floor, go from the elevator's opening, then turn right again and walk down that hall. As you walk, the Healthy Outcome Pediatric Program of Scarborough (HOPPS) Clinic should be on your left at the very end of the hall.",,,/images/centenary-maps/hopps-clinic.png,/images/centenary-maps/floor-1-main-copy.png|/images/centenary-maps/hopps-clinic.png,Step 1: Find the Tower Elevators|Step 2: Destination on Floor 7,7,high,,
Child & Adolescent Mental Health Unit (8NW),"When entering the hospital from the south entrance, walk down the hall straight ahead. You eventually will see the tower elevators on the right. Go to the 8th floor. Once at the 8th floor, the Child & Adolescent Mental Health Unit will be in front of you.","When entering the hospital from the north entrance (2nd floor), walk straight down the hall passed the registration kiosks and you will eventually find the tower elevators on the left just before the main hall ends. Go to the 8th floor. Once at the 8th floor, the Child & Adolescent Mental Health Unit will be in front of you.",,,/images/centenary-maps/child-and-adolescent-mental-health-unit-8-nw.png,/images/centenary-maps/floor-1-main-copy.png|/images/centenary-maps/child-and-adolescent-mental-health-unit-8-nw.png,Step 1: Find the Tower Elevators|Step 2: Destination on Floor 8,8,high,,
Medicine Unit (8SW),"When entering the hospital from the south entrance, walk down the hall straight ahead. You eventually will see the tower elevators on the right. Go to the 8th floor. Once at the 8th floor, the Medicine Unit 8SW will be in front of you.","When entering the hospital from the north entrance (2nd floor), walk straight down the hall passed the registration kiosks and you will eventually find the tower elevators on the left just before the main hall ends. Go to the 8th floor. Once at the 8th floor, the Medicine Unit 8SW will be in front of you.",,,/images/centenary-maps/medicine-unit-8w.png,/images/centenary-maps/floor-1-main-copy.png|/images/centenary-maps/medicine-unit-8w.png,Step 1: Find the Tower Elevators|Step 2: Destination on Floor 8,8,high,,
Medicine Unit (8E),"When entering the hospital from the south entrance, walk down the hall straight ahead. You eventually will see the tower elevators on the right. Go to the 8th floor. Once at the 8th floor, turn right and turn right again at the hall. Turn right again at the next intersecting hall, and the Medicine Unit 8E will be on your left.","When entering the hospital from the north entrance (2nd floor), walk straight down the hall passed the registration kiosks and you will eventually find the tower elevators on the left just before the main hall ends. Go to the 8th floor. Once at the 8th floor, turn right and turn right again at the hall. Turn right again at the next intersecting hall, and the Medicine Unit 8E will be on your left.",,,/images/centenary-maps/medicine-unit-8e.png,/images/centenary-maps/floor-1-main-copy.png|/images/centenary-maps/medicine-unit-8e.png,Step 1: Find the Tower Elevators|Step 2: Destination on Floor 8,8,high,,
Medicine Unit (9W),"When entering the hospital from the south entrance, walk down the hall straight ahead. You eventually will see the tower elevators on the right. Go to the 9th floor. Once at the 9th floor, the Medicine Unit 9W will be straight in front of you.","When entering the hospital from the north entrance (2nd floor), walk straight down the hall passed the registration kiosks and you will eventually find the tower elevators on the left just before the main hall ends. Go to the 9th floor. Once at the 9th floor, the Medicine Unit 9W will be straight in front of you.",,,/images/centenary-maps/medicine-unit-9w.png,/images/centenary-maps/floor-1-main-copy.png|/images/centenary-maps/medicine-unit-9w.png,Step 1: Find the Tower Elevators|Step 2: Destination on Floor 9,9,high,,
Medicine Unit (9E),"When entering the hospital from the south entrance, walk down the hall straight ahead. You eventually will see the tower elevators on the right. Go to the 9th floor. Once at the 9th floor, turn right and turn right again at the hall. Turn right again at the next intersecting hall, and the Medicine Unit 9E will be on your left.","When entering the hospital from the north entrance (2nd floor), walk straight down the hall passed the registration kiosks and you will eventually find the tower elevators on the left just before the main hall ends. Go to the 9th floor. Once at the 9th floor, turn right and turn right again at the hall. Turn right again at the next intersecting hall, and the Medicine Unit 9E will be on your left.",,,/images/centenary-maps/medicine-unit-9e.png,/images/centenary-maps/floor-1-main-copy.png|/images/centenary-maps/medicine-unit-9e.png,Step 1: Find the Tower Elevators|Step 2: Destination on Floor 9,9,high,,
Mental Health & Psychiatric Intensive Care Unit (PICU) (10W),"When entering the hospital from the south entrance, walk down the hall straight ahead. You eventually will see the tower elevators on the right. Go to the 10th floor. Once at the 10th floor, the Mental Health & Psychiatric Intensive Care Unit (PICU) 10W will be straight in front.","When entering the hospital from the north entrance (2nd floor), walk straight down the hall passed the registration kiosks and you will eventually find the tower elevators on the left just before the main hall ends. Go to the 10th floor. Once at the 10th floor, the Mental Health & Psychiatric Intensive Care Unit (PICU) 10W will be straight in front.",,,/images/centenary-maps/picu-10w.png,/images/centenary-maps/floor-1-main-copy.png|/images/centenary-maps/picu-10w.png,Step 1: Find the Tower Elevators|Step 2: Destination on Floor 10,10,high,,
Care Station (10W),"When entering the hospital from the south entrance, walk down the hall straight ahead. You eventually will see the tower elevators on the right. Go to the 10th floor. Once at the 10th floor, turn right and turn left at the hall. Turn left again at the next intersecting hall, and the Medicine Unit 10W will be on your right.","When entering the hospital from the north entrance (2nd floor), walk straight down the hall passed the registration kiosks and you will eventually find the tower elevators on the left just before the main hall ends. Go to the 10th floor. Once at the 10th floor, turn right and turn left at the hall. Turn left again at the next intersecting hall, and the Medicine Unit 10W will be on your right.",,,/images/centenary-maps/picu-10w.png,/images/centenary-maps/floor-1-main-copy.png|/images/centenary-maps/picu-10w.png,Step 1: Find the Tower Elevators|Step 2: Destination on Floor 10,10,high,,
Care Station (10E),"When entering the hospital from the south entrance, walk down the hall straight ahead. You eventually will see the tower elevators on the right. Go to the 10th floor. Once at the 10th floor, turn right and turn right again at the hall. Keep on walking straight until you find the 10E Care Station on the right.","When entering the hospital from the north entrance (2nd floor), walk straight down the hall passed the registration kiosks and you will eventually find the tower elevators on the left just before the main hall ends. Go to the 10th floor. Once at the 10th floor, turn right and turn right again at the hall. Keep on walking straight until you find the 10E Care Station on the right.",,,/images/centenary-maps/picu-10e.png,/images/centenary-maps/floor-1-main-copy.png|/images/centenary-maps/picu-10e.png,Step 1: Find the Tower Elevators|Step 2: Destination on Floor 10,10,high,,
Lobraico Cardiovascular Rehabilitation,"When entering the hospital from the south entrance, walk down the hall straight ahead. You eventually will see the tower elevators on the right. Go to the 11th floor. Once at the 11th floor, Lobraico Cardiovascular Rehabilitation will be straight ahead.","When entering the hospital from the north entrance (2nd floor), walk straight down the hall passed the registration kiosks and you will eventually find the tower elevators on the left just before the main hall ends. Go to the 11th floor. Once at the 11th floor, Lobraico Cardiovascular Rehabilitation will be straight ahead.",,,/images/centenary-maps/cardiovascular-rehab.png,/images/centenary-maps/floor-1-main-copy.png|/images/centenary-maps/cardiovascular-rehab.png,Step 1: Find the Tower Elevators|Step 2: Destination on Floor 11,11,high,,
Cardiovascular Education Theatre (C11A),"When entering the hospital from the south entrance, walk down the hall straight ahead. You eventually will see the tower elevators on the right. Go to the 11th floor. Once at the 11th floor, walk in the direction opposite to the direction the elevator is facing. Walk straight to the narrow hall and you will see the Cardiovascular Education Theatre C11A immediately on the left.","When entering the hospital from the north entrance (2nd floor), walk straight down the hall passed the registration kiosks and you will eventually find the tower elevators on the left just before the main hall ends. Go to the 11th floor. Once at the 11th floor, walk in the direction opposite to the direction the elevator is facing. Walk straight to the narrow hall and you will see the Cardiovascular Education Theatre C11A immediately on the left.",,,/images/centenary-maps/cardiovascular-education-theatre.png,/images/centenary-maps/floor-1-main-copy.png|/images/centenary-maps/cardiovascular-education-theatre.png,Step 1: Find the Tower Elevators|Step 2: Destination on Floor 11,11,high,,
Finance Procurement,"When entering the hospital from the south entrance, walk down the hall straight ahead. You eventually will see the tower elevators on the right. Go to the 11th floor. Once at the 11th floor, walk in the direction opposite to the direction the elevator is facing. Walk straight to the narrow hall. Straight at the end of that hall, you will find Financial Procurement.","When entering the hospital from the north entrance (2nd floor), walk straight down the hall passed the registration kiosks and you will eventually find the tower elevators on the left just before the main hall ends. Go to the 11th floor. Once at the 11th floor, walk in the direction opposite to the direction the elevator is facing. Walk straight to the narrow hall. Straight at the end of that hall, you will find Financial Procurement.",,,/images/centenary-maps/finance-procurement.png,/images/centenary-maps/floor-1-main-copy.png|/images/centenary-maps/finance-procurement.png,Step 1: Find the Tower Elevators|Step 2: Destination on Floor 11,11,high,,
Cardiac Program Call Centre,"When entering the hospital from the south entrance, walk down the hall straight ahead. You eventually will see the tower elevators on the right. Go to the 11th floor. Once at the 11th floor, turn right and then turn left. Walk along the wall on the far right and you will find the Cardiac Program Call Centre straight ahead.","When entering the hospital from the north entrance (2nd floor), walk straight down the hall passed the registration kiosks and you will eventually find the tower elevators on the left just before the main hall ends. Go to the 11th floor. Once at the 11th floor, turn right and then turn left. Walk along the wall on the far right and you will find the Cardiac Program Call Centre straight ahead.",,,/images/centenary-maps/cardiag-program-call-centre.png,/images/centenary-maps/floor-1-main-copy.png|/images/centenary-maps/cardiag-program-call-centre.png,Step 1: Find the Tower Elevators|Step 2: Destination on Floor 11,11,high,,
Kids Care Specialty Clinics,"When entering the hospital from the south entrance, walk down the hall straight ahead. You eventually will see the tower elevators on the right. Go to the 12th floor. Once at the 12th floor, turn left and walk straight down the hall. The Kids Care Specialty Clinics will be straight in front.","When entering the hospital from the north entrance (2nd floor), walk straight down the hall passed the registration kiosks and you will eventually find the tower elevators on the left just before the main hall ends. Go to the 12th floor. Once at the 12th floor, turn left and walk straight down the hall. The Kids Care Specialty Clinics will be straight in front.",,,/images/centenary-maps/kids-and-teen-care-clinic.png,/images/centenary-maps/floor-1-main-copy.png|/images/centenary-maps/kids-and-teen-care-clinic.png,Step 1: Find the Tower Elevators|Step 2: Destination on Floor 12,12,high,,
"Patient Safety, Privacy and Risk Management, Professional Practice, Quality Office, Strategy & Transformation, TransCare, Trillium Gift of Life","When entering the hospital from the south entrance, walk down the hall straight ahead. You eventually will see the tower elevators on the right. Go to the 12th floor. Once at the 12th floor, turn right and walk. Follow the hall and continue to walk straight all the way down the hall till you find the following: Patient Safety, Privacy and Risk Management, Professional Practice, Quality Office, Strategy & Transformation, TransCare. Trillium Gift of Life.","When entering the hospital from the north entrance (2nd floor), walk straight down the hall passed the registration kiosks and you will eventually find the tower elevators on the left just before the main hall ends. Go to the 12th floor. Once at the 12th floor, turn right and walk. Follow the hall and continue to walk straight all the way down the hall till you find the following: Patient Safety, Privacy and Risk Management, Professional Practice, Quality Office, Strategy & Transformation, TransCare. Trillium Gift of Life.",,,/images/centenary-maps/patient-safety-privacy-risk-and-more.png,/images/centenary-maps/floor-1-main-copy.png|/images/centenary-maps/patient-safety-privacy-risk-and-more.png,Step 1: Find the Tower Elevators|Step 2: Destination on Floor 12,12,high,,
"Kids & Teens Care Clinic, Adolescent Medicine Clinic, Bladder and Bowel Clinic, Diabetes Clinic, Endocrine Clinic, Gastroenterology Clinic, Neonatal Follow Up Clinic, Nephrology Clinic, Neurology Clinic, Padiatric Haematology Clinic, RSV Clinic, Sickle Cell Clinic, Scoliosis Clinic","When entering the hospital from the south entrance, walk down the hall straight ahead. You eventually will see the tower elevators on the right. Go to the 12th floor. Once at the 12th floor, turn left and walk all the way down the hall till you find the following: Kids & Teens Care Clinic, Adolescent Medicine Clinic, Bladder and Bowel Clinic, Diabetes Clinic, Endocrine Clinic, Gastroenterology Clinic, Neonatal Follow Up Clinic, Nephrology Clinic, Neurology Clinic, Padiatric Haematology Clinic, RSV Clinic, Sickle Cell Clinic, Scoliosis Clinic.","When entering the hospital from the north entrance (2nd floor), walk straight down the hall passed the registration kiosks and you will eventually find the tower elevators on the left just before the main hall ends. Go to the 12th floor. Once at the 12th floor, turn left and walk all the way down the hall till you find the following: Kids & Teens Care Clinic, Adolescent Medicine Clinic, Bladder and Bowel Clinic, Diabetes Clinic, Endocrine Clinic, Gastroenterology Clinic, Neonatal Follow Up Clinic, Nephrology Clinic, Neurology Clinic, Padiatric Haematology Clinic, RSV Clinic, Sickle Cell Clinic, Scoliosis Clinic.",,,/images/centenary-maps/kids-and-teen-care-clinic.png,/images/centenary-maps/floor-1-main-copy.png|/images/centenary-maps/kids-and-teen-care-clinic.png,Step 1: Find the Tower Elevators|Step 2: Destination on Floor 12,12,high,,
Biomedical Engineering,"When entering the hospital from the south entrance, walk down the hall straight ahead. You eventually will see the tower elevators on the right. Go to the 14th floor. Once at the 14th floor, turn right and walk till the end of the hall, then turn left. Continue walking all the way down that hall till you have to follow the hall to turn left. Keep walking, and Biomedical Engineering will be at the end of the hall.","When entering the hospital from the north entrance (2nd floor), walk straight down the hall passed the registration kiosks and you will eventually find the tower elevators on the left just before the main hall ends. Go to the 14th floor. Once at the 14th floor, turn right and walk till the end of the hall, then turn left. Continue walking all the way down that hall till you have to follow the hall to turn left. Keep walking, and Biomedical Engineering will be at the end of the hall.",,,/images/centenary-maps/biomediccal-engineering.png,/images/centenary-maps/floor-1-main-copy.png|/images/centenary-maps/biomediccal-engineering.png,Step 1: Find the Tower Elevators|Step 2: Destination on Floor 14,14,high,,
Plant & Facilities Operations,"When entering the hospital from the south entrance, walk down the hall straight ahead. You eventually will see the tower elevators on the right. Go to the 14th floor. Once at the 14th floor, turn right and walk till the end of the hall, then turn left. Continue walking down that hall till you find Plant & Facilities Operations on the right.","When entering the hospital from the north entrance (2nd floor), walk straight down the hall passed the registration kiosks and you will eventually find the tower elevators on the left just before the main hall ends. Go to the 14th floor. Once at the 14th floor, turn right and walk till the end of the hall, then turn left. Continue walking down that hall till you find Plant & Facilities Operations on the right.",,,/images/centenary-maps/plant-and-facilities-operations.png,/images/centenary-maps/floor-1-main-copy.png|/images/centenary-maps/plant-and-facilities-operations.png,Step 1: Find the Tower Elevators|Step 2: Destination on Floor 14,14,high,,
Environmental Services (EVS),"When entering the hospital from the south entrance, walk down the hall straight ahead. You eventually will see the tower elevators on the right. Go to the 14th floor. Once at the 14th floor, turn right and walk till the end of the hall, then turn left. You will immediately find Environmental Services (EVS) on the right.","When entering the hospital from the north entrance (2nd floor), walk straight down the hall passed the registration kiosks and you will eventually find the tower elevators on the left just before the main hall ends. Go to the 14th floor. Once at the 14th floor, turn right and walk till the end of the hall, then turn left. You will immediately find Environmental Services (EVS) on the right.",,,/images/centenary-maps/evs-environmental-services.png,/images/centenary-maps/floor-1-main-copy.png|/images/centenary-maps/evs-environmental-services.png,Step 1: Find the Tower Elevators|Step 2: Destination on Floor 14,14,high,,
Support Services/Resource Centre,"When entering the hospital from the south entrance, walk down the hall straight ahead. You eventually will see the tower elevators on the right. Go to the 14th floor. Once at the 14th floor, turn right and walk till the end of the hall, then turn right. Keep walking till you find Support Services/Resource Centre on the left.","When entering the hospital from the north entrance (2nd floor), walk straight down the hall passed the registration kiosks and you will eventually find the tower elevators on the left just before the main hall ends. Go to the 14th floor. Once at the 14th floor, turn right and walk till the end of the hall, then turn right. Keep walking till you find Support Services/Resource Centre on the left.",,,,/images/centenary-maps/floor-1-main-copy.png,Step 1: Find the Tower Elevators,14,unresolved,no approved launch map supplied for this entry,
Digital Services,"When entering the hospital from the south entrance, walk down the hall straight ahead. You eventually will see the tower elevators on the right. Go to the 14th floor. Once at the 14th floor, turn left. Continue to walk, and you will soon find Digital Services on the right.","When entering the hospital from the north entrance (2nd floor), walk straight down the hall passed the registration kiosks and you will eventually find the tower elevators on the left just before the main hall ends. Go to the 14th floor. Once at the 14th floor, turn left. Continue to walk, and you will soon find Digital Services on the right.",,,/images/centenary-maps/digital-services.png,/images/centenary-maps/floor-1-main-copy.png|/images/centenary-maps/digital-services.png,Step 1: Find the Tower Elevators|Step 2: Destination on Floor 14,14,high,,
Enterprise Analytics,"When entering the hospital from the south entrance, walk down the hall straight ahead. You eventually will see the tower elevators on the right. Go to the 14th floor. Once at the 14th floor, turn left. Continue to walk and follow the turn of the hall. You will immediately then find Enterprise Analytics on the right","When entering the hospital from the north entrance (2nd floor), walk straight down the hall passed the registration kiosks and you will eventually find the tower elevators on the left just before the main hall ends. Go to the 14th floor. Once at the 14th floor, turn left. Continue to walk and follow the turn of the hall. You will immediately then find Enterprise Analytics on the right.",,,/images/centenary-maps/enterprise-analytics.png,/images/centenary-maps/floor-1-main-copy.png|/images/centenary-maps/enterprise-analytics.png,Step 1: Find the Tower Elevators|Step 2: Destination on Floor 14,14,high,,
Training Room,"When entering the hospital from the south entrance, walk down the hall straight ahead. You eventually will see the tower elevators on the right. Go to the 14th floor. Once at the 14th floor, turn left. Continue to walk and follow the turn of the hall. Continue walking straight till you find the Training Room on the right.","When entering the hospital from the north entrance (2nd floor), walk straight down the hall passed the registration kiosks and you will eventually find the tower elevators on the left just before the main hall ends. Go to the 14th floor. Once at the 14th floor, turn left. Continue to walk and follow the turn of the hall. Continue walking straight till you find the Training Room on the right.",,,,/images/centenary-maps/floor-1-main-copy.png,Step 1: Find the Tower Elevators,14,unresolved,no approved launch map supplied for this entry,
Tower Elevators,"When entering the hospital from the South Entrance (level 1), walk straight and go to the right of Patient Registration. Walk straight down the hall until you find the Tower Elevators on your right.","When entering the hospital from the north entrance (2nd floor), walk straight down the hall passed the registration kiosks and you will eventually find the tower elevators on the left.",,,/images/centenary-maps/floor-1-main-copy.png,/images/centenary-maps/floor-1-main-copy.png,Destination on Floor 1,1,high,,TRUE
Medical Mall Elevators,"When entering the hospital from the south entrance (level 1), go to the right of the patient registration and walk all the way down the very long hall straight ahead. Follow the hall along the right turn at the end and you will see the Medical Mall Elevators on the left.","When entering the hospital from the North Entrance (level 2), turn left at the first hall on your left side. Walk down the hall, and the Medical Mall Elevators will be on your left.",,,/images/centenary-maps/floor-1-main-copy.png,/images/centenary-maps/floor-1-main-copy.png,Destination on Floor 1,1,high,,TRUE
South Elevators,"When entering the hospital from the south entrance (level 1), go to the right of the patient registration and walk down the long hall till you see the South Elevators on the left.","Enter the hospital from the North Entrance (2nd floor) and walk straight ahead until you reach a large spacious lobby area. Walk straight to the end of the hall, through the double doors. From here, turn left and take the first hall on the right. Walk to the end of the hall and turn right as the hall ends. Continue to walk and you will find the South Elevators on the right.",,"When entering the hospital from the East Entrance, walk down the hall on your left side and take the first available left. Walk down the hall and turn right at the next intersecting hall. Continue walking straight past the intersecting hall until you find the South Elevators on the right.",/images/centenary-maps/floor-1-main-copy.png,/images/centenary-maps/floor-1-main-copy.png,Destination on Floor 1,1,high,,TRUE
SHN Foundation Office,"When entering the hospital from the south entrance (level 1), walk down the hall straight ahead. You eventually will see the tower elevators on the right. Go to the 2nd floor. Exit the elevator by turning right and walk down the main hall till you see the SHN Foundation Office on the right in the lobby.","When entering the hospital from the North Entrance (level 2), walk straight down the main hall and you will find the SHN Foundation Office on the left in the main lobby.",,,/images/centenary-maps/shn-office.png,/images/centenary-maps/shn-office.png,Destination on Floor 2,2,high,,
Washrooms,"When entering the hospital from the South Entrance (level 1), walk straight and go to the right of Patient Registration. Continue to walk until you see the washrooms on the right of the hall.","When entering the hospital from the North Entrance (level 2), walk straight down the main hall passed the lobby and Registration Kiosks. Take a left turn on the first hall on the left. You will find washrooms on the left.",,,,,,1,unresolved,no approved launch map supplied for this entry,
Neonatal Intensive Care Unit (NICU),"When entering the hospital from the south entrance (level 1), walk down the hall straight ahead. You eventually will see the tower elevators on the right. Go to the 2nd floor. Exit the elevator by turning right and walking down the main hall. Turn left at the hall that is after the registration kiosks (before the food court hall). Continue to walk all the way to the end of the hall before it turns, and you will find the Neonatal Intensive Care Unit (NICU) on the left.","Enter the hospital from the North Entrance (2nd floor) and walk straight and go down the hall on the right that is after the food court hall. Continue to walk all the way to the end of the hall before it turns, and you will find the Neonatal Intensive Care Unit (NICU) on the left.",,,/images/centenary-maps/nicu.png,/images/centenary-maps/nicu.png,Destination on Floor 2,2,high,,
